[{"name":"theme_info","logo":"https:\/\/cdn.shopify.com\/s\/files\/1\/1933\/6253\/files\/logo.png?16882350775572544737","settings":[{"type":"header","content":"Basel Theme v1.5.6"},{"type":"paragraph","content":"This theme is fully supported by Shopify. For support and customizations, contact [teathemes.net@gmail.com](mailto:teathemes.net@gmail.com?subject=[Basel]+Theme+Support)."}]},{"name":"Dear customers!","settings":[{"type":"paragraph","content":"If you have any problem with our theme (installation, import sample data, configuration...), please don't leave a bad review. Firstly, you can go to our [forum at address](https:\/\/teathemes.net\/forums\/) or you can send us a email to [teathemes.net@gmail.com](mailto:teathemes.net@gmail.com?subject=[Basel]+Theme+Support), we will try to answer you soonest (about 15 minutes in working time and less than 10 hours outside working time). If you fell our support is fast or helpful, hope you can leave us a good review at ThemeForest. Thanks for bought our theme."}]},{"name":"General","settings":[{"type":"header","content":"== Shop settings"},{"type":"text","id":"api_key","label":"Google API key (required)","default":"AIzaSyAc7wnkTL45-LF9qrbaT-XLJn3AszvixZE","info":"Obrain API key [here](http:\/\/www.developers.google.com\/maps\/documentation\/javascript\/get-api-key) to use our Google Map element."},{"type":"text","id":"newsletter_form_action","label":"MailChimp form action URL","default":"\/\/teathemes.us14.list-manage.com\/subscribe\/post?u=b25e3ab13ba347802ca7d5135&amp;id=823b9f1630","info":"[Find your MailChimp form action URL](https:\/\/help.shopify.com\/manual\/using-themes\/change-the-layout\/theme-newsletter#add-a-mailchimp-newsletter-form-to-your-store-non-sectioned-themes-specific)."},{"type":"checkbox","id":"enable_update","label":"Enable Import demo","info":"Will work in admin panel.","default":true},{"type":"checkbox","id":"use_ajax_add_to_cart","label":"Use ajax cart","default":true},{"type":"checkbox","id":"use_rtl","label":"Use RTL","default":false},{"type":"checkbox","id":"show_backtop","label":"Show Scroll Back To Top","default":true},{"type":"checkbox","id":"catalog_mode","label":"Enable catalog mode","info":"You can hide all 'Add to cart' buttons, cart widget, cart pages. This will allow you to showcase your products as an online catalog without ability to make a purchase.","default":false},{"type":"header","content":"== Product item settings"},{"type":"checkbox","id":"show_col_mobile","label":"Show mobile 1 item Product 1 row ?","default":false},{"type":"checkbox","id":"use_wishlist","label":"Use Wishlist?","default":true},{"type":"paragraph","content":"You can easily add the desired category of products to this theme by installing our free [Nitro Wishlist](https:\/\/wishlist.teathemes.net\/signup) app."},{"type":"checkbox","id":"use_quickview","label":"Use Quick View?","default":true},{"type":"checkbox","id":"use_compare","label":"Use Compare?","default":true},{"type":"checkbox","id":"show_img_second","label":"Show Image Second?","default":true},{"type":"checkbox","id":"show_product_rating","label":"Use Rating Homepage?","default":false},{"type":"paragraph","content":"You can easily add product reviews to this theme by first installing Shopify's free [Product Reviews](https:\/\/apps.shopify.com\/product-reviews) app."},{"type":"header","content":"== Products Color Homepage settings"},{"type":"checkbox","id":"show_product_color","label":"Use Color?","default":true},{"type":"radio","id":"product_layout_setting","options":[{"value":"1","label":"Swatch color (Default or Upload)"},{"value":"3","label":"Swatch image variant"}],"label":"Swatch Layout setting"},{"type":"select","id":"swatch_home_size","options":[{"value":"small","label":"Small"},{"value":"medium","label":"Medium"},{"value":"large","label":"Large"}],"label":"Swatch size for Design variants with circle","default":"small"},{"type":"header","content":"== Label settings"},{"type":"select","id":"label_settings","options":[{"value":"rounded","label":"Rounded"},{"value":"rectangular","label":"Rectangular"}],"label":"Label Style","default":"rounded"},{"type":"checkbox","id":"use_sale_label","label":"Use Sale Label","default":true},{"type":"select","id":"label_sale_style","options":[{"value":"1","label":"Text label"},{"value":"2","label":"Percentage label"}],"label":"Sale Label Style","default":"1"},{"type":"checkbox","id":"use_sold_out_label","label":"Use sold Out Label","default":true},{"type":"checkbox","id":"use_new_label","label":"Use New Label","default":true},{"type":"text","id":"new_day","label":"New in .. days","info":"Integer (1..366)"},{"type":"checkbox","id":"use_hot_label","label":"Use Hot Label","default":true},{"type":"header","content":"== Favicon image"},{"type":"image_picker","id":"favicon","label":"Favicon image","info":"Upload image: png, ico, Will be scaled down to 32 x 32px"},{"type":"header","content":"== Favicon retina image"},{"type":"image_picker","id":"favicon_apple","label":"Favicon retina image","info":"Upload image: png, ico, Will be scaled down to 152 x 152px"}]},{"name":"General Layout","settings":[{"type":"header","content":"== Site width"},{"type":"select","id":"general_layout","options":[{"value":"full_width","label":"Full width"},{"value":"boxed","label":"Boxed"},{"value":"contetn_full","label":"Content full width"},{"value":"wide","label":"Wide (1600 px)"}],"label":"Site width: ","default":"full_width","info":"You can make your content wrapper boxed or full width"},{"type":"header","content":"== Site background"},{"type":"paragraph","content":"Set background image or color for body. Only for boxed layout"},{"type":"color","id":"body_bg","label":"__ Select Color","default":"#0a0a0a"},{"type":"select","id":"body_bg_repeat","options":[{"value":"default","label":"Default"},{"value":"no-repeat","label":"No Repeat"},{"value":"repeat","label":"Repeat All"},{"value":"repeat-x","label":"Repeat Horizontally"},{"value":"repeat-y","label":"Repeat Vertically"},{"value":"inherit","label":"Inherit"}],"label":"=== Background Repeat","default":"default","info":"[Specifies how to repeat the background images](https:\/\/w3schools.com\/cssref\/pr_background-repeat.asp)"},{"type":"select","id":"body_bg_size","options":[{"value":"default","label":"Default"},{"value":"inherit","label":"Inherit"},{"value":"cover","label":"Cover"},{"value":"contain","label":"Contain"}],"label":"=== Background Size","default":"default","info":"[Specifies the size of the background images](https:\/\/w3schools.com\/cssref\/css3_pr_background-size.asp)"},{"type":"select","id":"body_bg_attachment","options":[{"value":"default","label":"Default"},{"value":"fixed","label":"Fixed"},{"value":"scroll","label":"Scroll"},{"value":"inherit","label":"Inherit"}],"label":"=== Background Attachment","default":"default","info":"[Specifies whether the background images are fixed or scrolls with the rest of the page](https:\/\/w3schools.com\/cssref\/pr_background-attachment.asp)"},{"type":"select","id":"body_bg_position","options":[{"value":"default","label":"Default"},{"value":"left_top","label":"Left Top"},{"value":"left_center","label":"Left Center"},{"value":"left_bottom","label":"Left Bottom"},{"value":"center_top","label":"Center Top"},{"value":"center_center","label":"Center Center"},{"value":"center_bottom","label":"Center Bottom"}],"label":"=== Background Position","default":"default","info":"[Specifies the position of the background images](https:\/\/w3schools.com\/cssref\/pr_background-position.asp)"},{"type":"image_picker","id":"body_bg_image","label":"__ Background image"}]},{"name":"Page heading","settings":[{"type":"radio","id":"page_title_design","label":"Page title design","default":"centered","options":[{"value":"default","label":"default"},{"value":"centered","label":"centered"},{"value":"disable","label":"disable"}]},{"type":"checkbox","id":"page_show_breadcrumbs","info":"Displays a full chain of links to the current page.","label":"Show breadcrumbs","default":true},{"type":"header","content":"== Pages heading background"},{"type":"color","id":"pages_bg","label":"___ Select Color","default":"#212121"},{"type":"select","id":"pages_bg_repeat","options":[{"value":"default","label":"Default"},{"value":"no-repeat","label":"No Repeat"},{"value":"repeat","label":"Repeat All"},{"value":"repeat-x","label":"Repeat Horizontally"},{"value":"repeat-y","label":"Repeat Vertically"},{"value":"inherit","label":"Inherit"}],"label":"___ Background Repeat","default":"default","info":"[Specifies how to repeat the background images](https:\/\/w3schools.com\/cssref\/pr_background-repeat.asp)"},{"type":"select","id":"pages_bg_size","options":[{"value":"default","label":"Default"},{"value":"inherit","label":"Inherit"},{"value":"cover","label":"Cover"},{"value":"contain","label":"Contain"}],"label":"___ Background Size","default":"default","info":"[Specifies the size of the background images](https:\/\/w3schools.com\/cssref\/css3_pr_background-size.asp)"},{"type":"select","id":"pages_bg_attachment","options":[{"value":"default","label":"Default"},{"value":"fixed","label":"Fixed"},{"value":"scroll","label":"Scroll"},{"value":"inherit","label":"Inherit"}],"label":"___ Background Attachment","default":"default","info":"[Specifies whether the background images are fixed or scrolls with the rest of the page](https:\/\/w3schools.com\/cssref\/pr_background-attachment.asp)"},{"type":"select","id":"pages_bg_position","options":[{"value":"default","label":"Default"},{"value":"left_top","label":"Left Top"},{"value":"left_center","label":"Left Center"},{"value":"left_bottom","label":"Left Bottom"},{"value":"center_top","label":"Center Top"},{"value":"center_center","label":"Center Center"},{"value":"center_bottom","label":"Center Bottom"}],"label":"___ Background Position","default":"default","info":"[Specifies the position of the background images](https:\/\/w3schools.com\/cssref\/pr_background-position.asp)"},{"type":"image_picker","id":"pages_bg_image","label":"___ Background image"},{"type":"radio","id":"page_title_size","label":"Page title size","info":"You can set different sizes for your pages titles","default":"small","options":[{"value":"default","label":"default"},{"value":"small","label":"small"},{"value":"large","label":"large"}]},{"type":"radio","id":"page_title_color","label":"Text color for page title","info":"You can set different colors depending on it's background. May be light or dark","default":"light","options":[{"value":"default","label":"default"},{"value":"light","label":"light"},{"value":"dark","label":"dark"}]}]},{"name":"Header","settings":[{"type":"header","content":"== Logo"},{"type":"text","id":"body_logo_svg","label":"___ Logo SVG","info":"Use name svg upload files. Ex:logo-basel.svg"},{"type":"image_picker","id":"body_logo_image","label":"___ Logo image","info":"Upload image: png, jpg or gif file"},{"type":"image_picker","id":"body_logo_image_retina","label":"___  Custom logo retina (option)","info":"Upload image: png, jpg or gif file"},{"type":"range","id":"logo_width","min":1,"max":50,"step":1,"unit":"%","label":"___ Logo container width","info":"Set width for logo area in the header. In percentages","default":20},{"type":"text","id":"logo_max_width","label":"___ Logo image maximum width","info":"Set maximum width for logo image in the header. In pixels, min-width:50px, max-width:600px","default":"200"},{"type":"text","id":"logo_max_height","label":"___ Logo image maximum height","info":"Set maximum height for logo image in the header.","default":"95"},{"type":"header","content":"== Logo sticky"},{"type":"image_picker","id":"body_logo_image_sticky","label":"___ Logo image","info":"Upload image: png, jpg or gif file"},{"type":"text","id":"logo_max_width_sticky","label":"___ Logo image maximum width","info":"Set maximum width for logo image in the header. In pixels, min-width:50px, max-width:600px","default":"196"},{"type":"text","id":"logo_max_height_sticky","label":"___ Logo image maximum height","info":"Set maximum height for logo image in the header.","default":"75"},{"type":"header","content":"== Top bar"},{"type":"checkbox","id":"top_bar_enable","info":"Information about the header","label":"___ Top bar","default":true},{"type":"select","id":"top_bar_color","options":[{"value":"dark","label":"Dark"},{"value":"light","label":"Light"}],"label":"___ Top bar text color","default":"light"},{"type":"paragraph","content":"Top bar background"},{"type":"color","id":"top_bar_bg","label":"___ Select Color","default":"#1aada3"},{"type":"select","id":"top_bar_bg_repeat","options":[{"value":"default","label":"Default"},{"value":"no-repeat","label":"No Repeat"},{"value":"repeat","label":"Repeat All"},{"value":"repeat-x","label":"Repeat Horizontally"},{"value":"repeat-y","label":"Repeat Vertically"},{"value":"inherit","label":"Inherit"}],"label":"___ Background Repeat","default":"default","info":"[Specifies how to repeat the background images](https:\/\/w3schools.com\/cssref\/pr_background-repeat.asp)"},{"type":"select","id":"top_bar_bg_size","options":[{"value":"default","label":"Default"},{"value":"inherit","label":"Inherit"},{"value":"cover","label":"Cover"},{"value":"contain","label":"Contain"}],"label":"___ Background Size","default":"default","info":"[Specifies the size of the background images](https:\/\/w3schools.com\/cssref\/css3_pr_background-size.asp)"},{"type":"select","id":"top_bar_bg_attachment","options":[{"value":"default","label":"Default"},{"value":"fixed","label":"Fixed"},{"value":"scroll","label":"Scroll"},{"value":"inherit","label":"Inherit"}],"label":"___ Background Attachment","default":"default","info":"[Specifies whether the background images are fixed or scrolls with the rest of the page](https:\/\/w3schools.com\/cssref\/pr_background-attachment.asp)"},{"type":"select","id":"top_bar_bg_position","options":[{"value":"default","label":"Default"},{"value":"left_top","label":"Left Top"},{"value":"left_center","label":"Left Center"},{"value":"left_bottom","label":"Left Bottom"},{"value":"center_top","label":"Center Top"},{"value":"center_center","label":"Center Center"},{"value":"center_bottom","label":"Center Bottom"}],"label":"___ Background Position","default":"default","info":"[Specifies the position of the background images](https:\/\/w3schools.com\/cssref\/pr_background-position.asp)"},{"type":"image_picker","id":"top_bar_bg_image","label":"___ Background image"},{"type":"html","id":"top_bar_text","label":"___ Text in the header top bar","info":"Place here text you want to see in the header top bar. You can use shortocdes: [social_buttons_share] or [social_buttons_follow]","default":"<i class=\"fa fa-phone-square\" style=\"color:white;\"> <\/i> OUR PHONE NUMBER: <span style=\"margin-left:10px; border-bottom: 1px solid rgba(255,255,255,0.3)\">+77 (756) 334 876<\/span>"},{"type":"header","content":"== Header Layout"},{"type":"checkbox","id":"full_header_enable","info":"Make header full width","label":"___ Full Width","default":false},{"type":"checkbox","id":"sticky_header_enable","info":"Enable\/disable sticky header option","label":"___ Sticky Header","default":true},{"type":"select","id":"header_design","options":[{"value":"shop","label":"E-Commerce"},{"value":"base","label":"Base header"},{"value":"base_categories","label":"Base categories header"},{"value":"simple","label":"Simplified"},{"value":"split","label":"Double menu"},{"value":"logo-center","label":"Logo center"},{"value":"categories","label":"With categories menu"},{"value":"menu-top","label":"Menu in top bar"},{"value":"vertical","label":"Vertical"}],"label":"___ Header Design","default":"shop","info":"[Set your header design](\/\/cdn.shopify.com\/s\/files\/1\/1933\/6253\/files\/header_design.png?12823535692397183483)"},{"type":"checkbox","id":"overlap_header_enable","info":"Overlap page content with this header (header is transparent).","label":"___ Header above the content","default":false},{"type":"text","id":"right_column_width","label":"___ Right column width","info":"Set width for icons and links area in the header (shopping cart, wishlist, search). In pixels, min-width:30px, max-width:450px","default":"250"},{"type":"text","id":"header_height","label":"___ Header height. In pixels, min-height:40px, max-height:220px","default":"95"},{"type":"text","id":"header_sticky_height","label":"___ Sticky header height. In pixels, min-height:40px, max-height:180px","default":"75"},{"type":"text","id":"mobile_header_height","label":"___ Mobile header height. In pixels, min-height:40px, max-height:120px","default":"60"},{"type":"header","content":"== Shopping cart widget"},{"type":"select","id":"cart_position","options":[{"value":"side","label":"Hidden sidebar"},{"value":"dropdown","label":"Dropdown widget in header"}],"label":"___ Shopping cart position","default":"side","info":"Shopping cart widget may be placed in the header or as a sidebar."},{"type":"select","id":"cart_design","options":[{"value":"1","label":"Design 1"},{"value":"2","label":"Design 2"},{"value":"3","label":"Design 3"},{"value":"disable","label":"Disable"}],"label":"___ Shopping cart","default":"1","info":"Set your shopping cart widget design in the header."},{"type":"checkbox","id":"shopping_icon_alt","label":"___ Alternative shopping cart icon","info":"Use alternative cart icon in header icons links","default":false},{"type":"checkbox","id":"cart_notes_widget_enable","label":"___ Enable cart notes","default":true},{"type":"radio","id":"basel_options_add_to_cart_action","label":"___ Action after add to car","info":"Choose between showing informative popup and opening shopping cart widget. Only for shop page.","options":[{"value":"popup","label":"Show popup"},{"value":"widget","label":"Display widget"},{"value":"no","label":"No action"}],"default":"popup"},{"type":"header","content":"== Appearance"},{"type":"select","id":"header_color_scheme","options":[{"value":"dark","label":"Dark"},{"value":"light","label":"Light"}],"label":"___ Header text color","default":"dark"},{"type":"paragraph","content":"Header background"},{"type":"color","id":"header_bg","label":"___ Select Color"},{"type":"color","id":"bg_header_sticky","label":"Background Color header sticky","default":"#fff"},{"type":"select","id":"header_bg_repeat","options":[{"value":"default","label":"Default"},{"value":"no-repeat","label":"No Repeat"},{"value":"repeat","label":"Repeat All"},{"value":"repeat-x","label":"Repeat Horizontally"},{"value":"repeat-y","label":"Repeat Vertically"},{"value":"inherit","label":"Inherit"}],"label":"___ Background Repeat","default":"default","info":"[Specifies how to repeat the background images](https:\/\/w3schools.com\/cssref\/pr_background-repeat.asp)"},{"type":"select","id":"header_bg_size","options":[{"value":"default","label":"Default"},{"value":"inherit","label":"Inherit"},{"value":"cover","label":"Cover"},{"value":"contain","label":"Contain"}],"label":"___ Background Size","default":"default","info":"[Specifies the size of the background images](https:\/\/w3schools.com\/cssref\/css3_pr_background-size.asp)"},{"type":"select","id":"header_bg_attachment","options":[{"value":"default","label":"Default"},{"value":"fixed","label":"Fixed"},{"value":"scroll","label":"Scroll"},{"value":"inherit","label":"Inherit"}],"label":"___ Background Attachment","default":"default","info":"[Specifies whether the background images are fixed or scrolls with the rest of the page](https:\/\/w3schools.com\/cssref\/pr_background-attachment.asp)"},{"type":"select","id":"header_bg_position","options":[{"value":"default","label":"Default"},{"value":"left_top","label":"Left Top"},{"value":"left_center","label":"Left Center"},{"value":"left_bottom","label":"Left Bottom"},{"value":"center_top","label":"Center Top"},{"value":"center_center","label":"Center Center"},{"value":"center_bottom","label":"Center Bottom"}],"label":"___ Background Position","default":"default","info":"[Specifies the position of the background images](https:\/\/w3schools.com\/cssref\/pr_background-position.asp)"},{"type":"image_picker","id":"header_bg_image","label":"___ Background image"},{"type":"paragraph","content":"Border bottom for the header."},{"type":"color","id":"header_border_color","label":"Border color"},{"type":"select","id":"header_border_style","options":[{"value":"solid","label":"Solid"},{"value":"dotted","label":"Dotted"},{"value":"dashed","label":"Dashed"},{"value":"none","label":"None"}],"label":"Border style","default":"solid"},{"type":"text","id":"header_border","label":"Border bottom for the header. Integer px","info":"2px"},{"type":"select","id":"header_icon_style","options":[{"value":"line","label":"Line Icons"},{"value":"fontawesome","label":"Font Awesome"}],"label":"___ Icons font for header icons","info":"Choose between two icon fonts: Font Awesome and Line Icons","default":"line"},{"type":"header","content":"== Main menu"},{"type":"radio","id":"basel_menu_align","label":"___ Main menu align","info":"Set menu text position on some headers","options":[{"value":"left","label":"Left"},{"value":"center","label":"Center"},{"value":"right","label":"Right"}],"default":"left"},{"type":"header","content":"== Other"},{"type":"html","id":"header_text_ss","label":"___ Text in the header","info":"You can place here some advertisement or phone numbers. You can use shortocdes: [social_buttons_share] or [social_buttons_follow]","default":"Welcome to our store. Call free: 055 1233 32 55"},{"type":"radio","id":"basel_search_widget","label":"___ Search widget","info":"Display search icon in the header in different views","options":[{"value":"dropdown","label":"dropdown"},{"value":"full-screen","label":"full screen"},{"value":"disable","label":"disable"}],"default":"full-screen"},{"type":"checkbox","id":"ajax_search","label":"AJAX Search","default":true},{"type":"checkbox","id":"ajax_search_mobile","label":"AJAX Search Mobile","default":true},{"type":"checkbox","id":"only_search_products","label":"Search only products","info":"Only returns products in the search results","default":true},{"type":"checkbox","id":"enable_search_category","label":"search by category","info":"Display categories select that allows users search products by category for Header Design With categories menu ","default":true},{"type":"checkbox","id":"enable_select_category","label":"Select select category","info":"Disable select categories in search bar ","default":true},{"type":"checkbox","id":"display_wishlist_icon","label":"Display wishlist icon","default":true}]},{"name":"Footer","settings":[{"type":"header","content":"== Footer layout"},{"type":"checkbox","id":"sticky_footer_enable","info":"Enable\/disable sticky footer option","label":"___ Sticky footer","default":false},{"type":"select","id":"footer_design","options":[{"value":"1","label":"Single Column"},{"value":"2","label":"Two Columns"},{"value":"3","label":"Three Columns"},{"value":"4","label":"Four Columns"},{"value":"5","label":"Six Columns"},{"value":"6","label":"1\/4 + 1\/2 + 1\/4"},{"value":"7","label":"1\/2 + 1\/4 + 1\/4"},{"value":"8","label":"1\/4 + 1\/4 + 1\/2"},{"value":"9","label":"Two rows"},{"value":"10","label":"Two rows 2"},{"value":"11","label":"Two rows 3"},{"value":"12","label":"Two rows 4"},{"value":"13","label":"Two rows (1 row 2 col)"}],"label":"___ Footer Design","default":"12","info":"[Set your footer design](\/\/cdn.shopify.com\/s\/files\/1\/1933\/6253\/files\/footer_layout.jpg?7747588882300766420)"},{"type":"select","id":"footer_social_design","options":[{"value":"icons-design-default","label":"default"},{"value":"icons-design-circle","label":"circle"},{"value":"icons-design-colored","label":"colored"},{"value":"icons-design-colored-alt","label":"colored-alt"}],"label":"___ Social buttons design","default":"icons-design-default"},{"type":"select","id":"footer_social_size","options":[{"value":"icons-size-small","label":"small"},{"value":"icons-size-default","label":"Medium"},{"value":"icons-size-large","label":"large"}],"label":"___ Social buttons size","default":"icons-size-default"},{"type":"select","id":"footer_color_scheme","options":[{"value":"dark","label":"Dark"},{"value":"light","label":"Light"}],"label":"== Footer text color","info":"Choose your footer color scheme","default":"light"},{"type":"header","content":"== Footer background"},{"type":"color","id":"footer_bg","label":"___ Select Color","default":"#000"},{"type":"select","id":"footer_bg_repeat","options":[{"value":"default","label":"Default"},{"value":"no-repeat","label":"No Repeat"},{"value":"repeat","label":"Repeat All"},{"value":"repeat-x","label":"Repeat Horizontally"},{"value":"repeat-y","label":"Repeat Vertically"},{"value":"inherit","label":"Inherit"}],"label":"___ Background Repeat","default":"default","info":"[Specifies how to repeat the background images](https:\/\/w3schools.com\/cssref\/pr_background-repeat.asp)"},{"type":"select","id":"footer_bg_size","options":[{"value":"default","label":"Default"},{"value":"inherit","label":"Inherit"},{"value":"cover","label":"Cover"},{"value":"contain","label":"Contain"}],"label":"___ Background Size","default":"default","info":"[Specifies the size of the background images](https:\/\/w3schools.com\/cssref\/css3_pr_background-size.asp)"},{"type":"select","id":"footer_bg_attachment","options":[{"value":"default","label":"Default"},{"value":"fixed","label":"Fixed"},{"value":"scroll","label":"Scroll"},{"value":"inherit","label":"Inherit"}],"label":"___ Background Attachment","default":"default","info":"[Specifies whether the background images are fixed or scrolls with the rest of the page](https:\/\/w3schools.com\/cssref\/pr_background-attachment.asp)"},{"type":"select","id":"footer_bg_position","options":[{"value":"default","label":"Default"},{"value":"left_top","label":"Left Top"},{"value":"left_center","label":"Left Center"},{"value":"left_bottom","label":"Left Bottom"},{"value":"center_top","label":"Center Top"},{"value":"center_center","label":"Center Center"},{"value":"center_bottom","label":"Center Bottom"}],"label":"___ Background Position","default":"default","info":"[Specifies the position of the background images](https:\/\/w3schools.com\/cssref\/pr_background-position.asp)"},{"type":"image_picker","id":"footer_bg_image","label":"___ Background image"},{"type":"header","content":"== Footer Copyrights"},{"type":"select","id":"copyrights_layout","options":[{"value":"centered","label":"Centered"},{"value":"two-columns","label":"Two columns"}],"label":"___ Copyrights layout","default":"centered"},{"type":"html","id":"copyrights_text","label":"___ Copyrights","info":"Place here text you want to see in the copyrights area. You can use shortocdes: [social_buttons_share] or [social_buttons_follow]","default":"<i class=\"fa fa-copyright\"><\/i>  2017 Created by <a href=\"http:\/\/xtemos.com\" style=\"color:white;\"><span style=\"color: red; font-size: 15px;\">X<\/span>-Temos studio<\/a>"},{"type":"html","id":"copyrights_next_text","label":"___ Text next to coyprights","info":"You can use shortocdes: [social_buttons_share] or [social_buttons_follow]"},{"type":"html","id":"html_before_footer","label":"___ HTML before footer","info":"Custom HTML Allowed"}]},{"name":"Typography","settings":[{"type":"header","content":"== Set you typography options for body, paragraphs"},{"type":"text","id":"font_body_text","label":"Text font","default":"Karla","info":"[Google Fonts](https:\/\/fonts.google.com)"},{"type":"range","id":"size_body_text","min":10,"max":20,"step":1,"label":"Font size","unit":"px","default":14},{"type":"header","content":"== Set you typography options for titles, post names"},{"type":"text","id":"font_titles_text","label":"Primary font","default":"Karla","info":"[Google Fonts](https:\/\/fonts.google.com)"},{"type":"select","id":"style_titles_text","options":[{"value":"normal_normal","label":"inherit"},{"value":"400","label":"Normal 400"},{"value":"600","label":"Bold 600"},{"value":"700","label":"Bold 700"},{"value":"400_italic","label":"Normal 400 Italic"},{"value":"600_italic","label":"Bold 600 Italic"},{"value":"700_italic","label":"Bold 700 Italic"}],"label":"Font Weight & Style","default":"normal_normal"},{"type":"header","content":"== Titles for posts, products, categories and pages"},{"type":"text","id":"font_title_products","label":"Entities names","default":"Lora","info":"[Google Fonts](https:\/\/fonts.google.com)"},{"type":"select","id":"style_title_products","options":[{"value":"normal_normal","label":"inherit"},{"value":"400","label":"Normal 400"},{"value":"600","label":"Bold 600"},{"value":"700","label":"Bold 700"},{"value":"400_italic","label":"Normal 400 Italic"},{"value":"700_italic","label":"Bold 700 Italic"}],"label":"Font Weight & Style","default":"normal_normal"},{"type":"header","content":"== Use for secondary titles promo banner (use CSS class 'font-alt' or 'title-alt')"},{"type":"text","id":"font_secondary_products","label":"Font Family","default":"Satisfy","info":"[Google Fonts](https:\/\/fonts.google.com)"},{"type":"select","id":"style_secondary_products","options":[{"value":"normal_normal","label":"inherit"},{"value":"400","label":"Normal 400"},{"value":"700","label":"Bold 700"},{"value":"400_italic","label":"Normal 400 Italic"},{"value":"700_italic","label":"Bold 700 Italic"}],"label":"Font Weight & Style","default":"normal_normal"},{"type":"header","content":"== Use for info box"},{"type":"text","id":"font_info","label":"Font Family","info":"[Google Fonts](https:\/\/fonts.google.com)"},{"type":"select","id":"style_font_info","options":[{"value":"normal_normal","label":"inherit"},{"value":"400","label":"Normal 400"},{"value":"700","label":"Bold 700"},{"value":"400_italic","label":"Normal 400 Italic"},{"value":"700_italic","label":"Bold 700 Italic"}],"label":"Font Weight & Style","default":"normal_normal"},{"type":"header","content":"== Use for meta post"},{"type":"text","id":"font_post","label":"Font Family","default":"Lato","info":"[Google Fonts](https:\/\/fonts.google.com)"},{"type":"select","id":"style_font_post","options":[{"value":"normal_normal","label":"inherit"},{"value":"400","label":"Normal 400"},{"value":"700","label":"Bold 700"},{"value":"400_italic","label":"Normal 400 Italic"},{"value":"700_italic","label":"Bold 700 Italic"}],"label":"Font Weight & Style","default":"400_italic"},{"type":"header","content":"== Navigation font"},{"type":"text","id":"font_navigation","label":"Font Family","info":"[Google Fonts](https:\/\/fonts.google.com)"},{"type":"range","id":"size_navigation","min":1,"max":40,"step":1,"label":"Font size","unit":"px","default":14},{"type":"select","id":"style_navigation","options":[{"value":"normal_normal","label":"inherit"},{"value":"400","label":"Normal 400"},{"value":"700","label":"Bold 700"},{"value":"400_italic","label":"Normal 400 Italic"},{"value":"700_italic","label":"Bold 700 Italic"}],"label":"Font Weight & Style","default":"normal_normal"}]},{"name":"Styles and colors","settings":[{"type":"checkbox","id":"use_dark_version","label":"Dark version","info":"Turn your website color to dark version","default":false},{"type":"checkbox","id":"color_light_mobile_menu","label":"Light mobile menu version","info":"Turn your menu mobile color to light version","default":false},{"type":"color","id":"color_body_text","label":"Color Text font","info":"Pick a text color for body, paragraphs.","default":"#4C4C4C"},{"type":"color","id":"color_titles_text","label":"Color Text titles,post","info":"Pick a text color for titles, post names.","default":"#1B1919"},{"type":"color","id":"color_title_products","label":"Color titles for posts, products, categories and pages","info":"Pick a text color for titles, post names.","default":"#252222"},{"type":"color","id":"color_primary","label":"Primary Color","info":"Pick a background color for the theme buttons and other colored elements.","default":"#179a94"},{"type":"color","id":"mega_navigation_hover","label":"Menu categories hover","default":"#fbbc34"},{"type":"color","id":"color_navigation","label":"Navigation Color"},{"type":"header","content":"Label Products"},{"type":"color","id":"color_sale_bg","label":"Sale Background","default":"#179a94"},{"type":"color","id":"color_new_bg","label":"New Background","default":"#56cfe1"},{"type":"color","id":"color_hot_bg","label":"Hot Background","default":"#ec0101"},{"type":"color","id":"color_sold_out_bg","label":"Sold Out Background","default":"#999"}]},{"name":"Collection Page","settings":[{"type":"checkbox","id":"use_promo_banner_collection","label":"Use Promo Banner collection","info":"You can also specify other image for particular collection","default":true},{"type":"header","content":"== Top Product Categories"},{"type":"checkbox","id":"use_top_categories","label":"Categories menu in page heading","info":"Show title for shop page, product categories or tags.","default":true},{"type":"radio","id":"top_categories_source","label":"Show all \/ Show a link list","options":[{"value":"top_categories_show_all","label":"Show all"},{"value":"top_categories_link_list","label":"Show a link list"}]},{"type":"link_list","id":"top_categories_link_list","label":"Choose a link list"},{"type":"header","content":"== Pages heading background"},{"type":"color","id":"collection_bg","label":"___ Select Color","default":"#212121"},{"type":"select","id":"collection_bg_repeat","options":[{"value":"default","label":"Default"},{"value":"no-repeat","label":"No Repeat"},{"value":"repeat","label":"Repeat All"},{"value":"repeat-x","label":"Repeat Horizontally"},{"value":"repeat-y","label":"Repeat Vertically"},{"value":"inherit","label":"Inherit"}],"label":"___ Background Repeat","default":"default","info":"[Specifies how to repeat the background images](https:\/\/w3schools.com\/cssref\/pr_background-repeat.asp)"},{"type":"select","id":"collection_bg_size","options":[{"value":"default","label":"Default"},{"value":"inherit","label":"Inherit"},{"value":"cover","label":"Cover"},{"value":"contain","label":"Contain"}],"label":"___ Background Size","default":"default","info":"[Specifies the size of the background images](https:\/\/w3schools.com\/cssref\/css3_pr_background-size.asp)"},{"type":"select","id":"collection_bg_attachment","options":[{"value":"default","label":"Default"},{"value":"fixed","label":"Fixed"},{"value":"scroll","label":"Scroll"},{"value":"inherit","label":"Inherit"}],"label":"___ Background Attachment","default":"default","info":"[Specifies whether the background images are fixed or scrolls with the rest of the page](https:\/\/w3schools.com\/cssref\/pr_background-attachment.asp)"},{"type":"select","id":"collection_bg_position","options":[{"value":"default","label":"Default"},{"value":"left_top","label":"Left Top"},{"value":"left_center","label":"Left Center"},{"value":"left_bottom","label":"Left Bottom"},{"value":"center_top","label":"Center Top"},{"value":"center_center","label":"Center Center"},{"value":"center_bottom","label":"Center Bottom"}],"label":"___ Background Position","default":"default","info":"[Specifies the position of the background images](https:\/\/w3schools.com\/cssref\/pr_background-position.asp)"},{"type":"image_picker","id":"collection_bg_image","label":"___ Background image"},{"type":"checkbox","id":"use_specify_image","label":"Specify other image for particular page","info":"Use Collection image","default":true},{"type":"header","content":"== Shop page layout"},{"type":"radio","id":"shop_sidebar","options":[{"value":"1","label":"full Width"},{"value":"left","label":"Sidebar Left"},{"value":"right","label":"Sidebar Right"}],"label":"Shop Layout","info":"Select main content and sidebar alignment for shop pages."},{"type":"radio","id":"shop_size_sidebar","default":"2","options":[{"value":"1","label":"Small"},{"value":"2","label":"Medium"},{"value":"3","label":"Large"}],"label":"Sidebar size","info":"You can set different sizes for your shop pages sidebar"},{"type":"text","id":"products_per_page","label":"Products per page","info":"Number of products per page","default":"12"},{"type":"select","id":"use_pagination","label":"Pagination","default":"gl_default","options":[{"value":"gl_default","label":"Default"},{"value":"gl_more","label":"Load more button"},{"value":"infinit","label":"Infinit scrolling"}]},{"type":"radio","id":"view_default","label":"View Layout default","options":[{"value":"grid","label":"Grid"},{"value":"list","label":"List"}]},{"type":"radio","id":"products_columns","label":"Products columns","info":"How many products you want to show per row","default":"4","options":[{"value":"2","label":"2"},{"value":"3","label":"3"},{"value":"4","label":"4"},{"value":"6","label":"6"}]},{"type":"select","id":"products_hover","label":"Hover on product","info":"Choose one of those hover effects for products","default":"alt","options":[{"value":"base","label":"Base"},{"value":"alt","label":"Alternative"},{"value":"button","label":"Show button on hover on image"},{"value":"info","label":"Full info on hover"},{"value":"link","label":"Button on hover"},{"value":"standard","label":"Standard button"},{"value":"excerpt","label":"With excerpt"},{"value":"quick","label":"Quick shop"}]},{"type":"paragraph","content":"Products hover not support Image Second: Show button on hover on image, Full info on hover."},{"type":"checkbox","id":"sale_countdown","default":false,"label":"Use Sale countdown","info":"Countdown to the end sale date will be shown. Be sure you have set final date of the product sale price. product.metafields.meta.countdown ( 2017\/08\/17 )"},{"type":"checkbox","id":"loop_sale_countdown","default":false,"label":"Use Auto Loop countdown"},{"type":"select","id":"collection_countdown_style","label":"Countdown style","default":"dark","options":[{"value":"light","label":"Countdown timer light"},{"value":"dark","label":"Countdown timer dark"},{"value":"transparent_1","label":"Countdown timer transparent 1"},{"value":"transparent_2","label":"Countdown timer transparent 2"}]},{"type":"checkbox","id":"ajax_shop","label":"AJAX shop","info":"Enable AJAX functionality for filters widgets on shop.","default":true},{"type":"checkbox","id":"shop_filters","label":"Shop filters","info":"Enable shop filters widget's area above the products.","default":true},{"type":"checkbox","id":"shop_show_per_page","label":"Change Number of products displayed per page?","info":"You can change the number of products that are shown on your collection pages.","default":false},{"type":"checkbox","id":"grid_list","label":"Grid\/List switcher","info":"Enable Grid\/List switcher.","default":false},{"type":"text","id":"shop_image_size","label":"Image Size (optional)","info":"Products may have different sizes 'width x height'","placeholder":"300x200"},{"type":"checkbox","id":"shop_masonry_grid","label":"Masonry grid","info":"Products may have different sizes","default":false},{"type":"checkbox","id":"shop_different_grid","label":"Products grid with different sizes","default":false},{"type":"checkbox","id":"show_des_collection","label":"Show description of the collection.","default":false}]},{"name":"Product Page","settings":[{"type":"radio","id":"product_sidebar","options":[{"value":"1","label":"full Width"},{"value":"left","label":"Sidebar Left"},{"value":"right","label":"Sidebar Right"}],"label":"== Single Product Sidebar","info":"Select main content and sidebar alignment for single product pages"},{"type":"radio","id":"size_sidebar","default":"2","options":[{"value":"1","label":"Small"},{"value":"2","label":"Medium"},{"value":"3","label":"Large"}],"label":"== Sidebar size","info":"You can set different sizes for your single product pages sidebar"},{"type":"select","id":"design_products","label":"== Product page design","info":"Choose between different predefined designs","default":"1","options":[{"value":"1","label":"Default"},{"value":"2","label":"Alternative"},{"value":"3","label":"Images scroll"},{"value":"4","label":"Compact"}]},{"type":"select","id":"size_img_products","label":"== Product image size","info":"You can choose different page layout depending on the product image size you need","default":"2","options":[{"value":"1","label":"Small"},{"value":"2","label":"Medium"},{"value":"3","label":"Large"}]},{"type":"text","id":"pr_image_size","label":"Image Size (optional)","info":"Products may have different sizes 'width x height'","placeholder":"300x200"},{"type":"text","id":"pr_thumb_image_size","label":"Image Size Thumbnails (optional)","info":"Products may have different sizes 'width x height'","placeholder":"292x200"},{"type":"select","id":"thumbnails_position","label":"== Thumbnails position","info":"Use vertical or horizontal position for thumbnails (not support for design Images scroll)","default":"left","options":[{"value":"left","label":"Left (vertical position)"},{"value":"bottom","label":"Bottom (horizontal position)"}]},{"type":"radio","id":"main_click","options":[{"value":"zoom","label":"Zoom"},{"value":"popup","label":"Photoswipe popup"},{"value":"none","label":"None"}],"label":"== Main image click action"},{"type":"checkbox","id":"disable_download_img","label":"Disable download image option?","default":false},{"type":"checkbox","id":"show_zoom_img","label":"Show 'Zoom image' icon?","info":"Click to open image in popup and swipe to zoom","default":true},{"type":"radio","id":"button_art_to_cart_style","options":[{"value":"1","label":"Style button 2d"},{"value":"2","label":"Style button 3d"}],"label":"== Add to cart style"},{"type":"header","content":"Upload image Size Chart"},{"type":"checkbox","id":"size_chart","label":"Show 'Size chart' img?","default":false},{"type":"image_picker","id":"image_size_chart","label":"Image"},{"type":"header","content":"Product Trust seal"},{"type":"checkbox","id":"product_img_trust_seal","label":"Show 'Trust seal' img?","default":false},{"type":"image_picker","id":"img_trust_seal","label":"Trust seal image"},{"type":"header","content":"Product Real time Visitor "},{"type":"checkbox","id":"show_real_time_visitor","label":"Show fake real time Visitor","default":false},{"type":"range","id":"real_time_max","min":10,"max":1000,"step":10,"label":"Max fake real time Visitor","default":100},{"type":"range","id":"real_interval_time","min":1,"max":20,"step":1,"unit":"sec","label":"Interval time","default":2},{"type":"text","id":"text_real","label":"Text Real time","default":"Real time"},{"type":"text","id":"text_visitor","label":"Text Visitor","default":"Visitor right now"},{"type":"header","content":"Product background"},{"type":"paragraph","content":"Set background for your products page. You can also specify different background for particular products while editing it."},{"type":"color","id":"product_bg","label":"Select Color"},{"type":"select","id":"product_bg_repeat","options":[{"value":"default","label":"Default"},{"value":"no-repeat","label":"No Repeat"},{"value":"repeat","label":"Repeat All"},{"value":"repeat-x","label":"Repeat Horizontally"},{"value":"repeat-y","label":"Repeat Vertically"},{"value":"inherit","label":"Inherit"}],"label":"___ Background Repeat","default":"default","info":"[Specifies how to repeat the background images](https:\/\/w3schools.com\/cssref\/pr_background-repeat.asp)"},{"type":"select","id":"product_bg_size","options":[{"value":"default","label":"Default"},{"value":"inherit","label":"Inherit"},{"value":"cover","label":"Cover"},{"value":"contain","label":"Contain"}],"label":"___ Background Size","default":"default","info":"[Specifies the size of the background images](https:\/\/w3schools.com\/cssref\/css3_pr_background-size.asp)"},{"type":"select","id":"product_bg_attachment","options":[{"value":"default","label":"Default"},{"value":"fixed","label":"Fixed"},{"value":"scroll","label":"Scroll"},{"value":"inherit","label":"Inherit"}],"label":"___ Background Attachment","default":"default","info":"[Specifies whether the background images are fixed or scrolls with the rest of the page](https:\/\/w3schools.com\/cssref\/pr_background-attachment.asp)"},{"type":"select","id":"product_bg_position","options":[{"value":"default","label":"Default"},{"value":"left_top","label":"Left Top"},{"value":"left_center","label":"Left Center"},{"value":"left_bottom","label":"Left Bottom"},{"value":"center_top","label":"Center Top"},{"value":"center_center","label":"Center Center"},{"value":"center_bottom","label":"Center Bottom"}],"label":"___ Background Position","default":"default","info":"[Specifies the position of the background images](https:\/\/w3schools.com\/cssref\/pr_background-position.asp)"},{"type":"image_picker","id":"product_bg_image","label":"___ Background image"},{"type":"header","content":"share buttons"},{"type":"checkbox","id":"show_share_btn","label":"Show share buttons?","default":true},{"type":"radio","id":"share_type","options":[{"value":"1","label":"Share"},{"value":"2","label":"Follow"}],"label":"== Share buttons type"},{"type":"header","content":"Product Features"},{"type":"textarea","id":"color_name_check","label":"Enter variant name you want like style color","info":"Ex: color, colour"},{"type":"checkbox","id":"show_product_page_rating","label":"Use Rating product page?","default":true},{"type":"checkbox","id":"show_grouped_variant_image","label":"Use Grouped variant images?","default":false},{"type":"checkbox","id":"use_view_360","label":"Product 360 View Gallery (optional)?","default":false},{"type":"paragraph","content":"Select product variants by clicking their images"},{"type":"checkbox","id":"use_clicking_variant_image","label":"Use Select variants clicking images?","info":"Normally, variants are selected from a drop-down menu. You might want your customers to be able to select a product variant by clicking a variant image.","default":false},{"type":"checkbox","id":"product_quantity_message","label":"Show remaining quantity message?","info":"Show when less than 10 items are in stock, Show incoming stock transfer message when sold out.","default":false},{"type":"checkbox","id":"use_description_excerpt","label":"Show Product short description?","info":"If you will set this option to 'Excerpt' then you are able to set custom excerpt for each the description of the product (Metafields:meta.description_excerpt) or it will be cutted from the product content","default":true},{"type":"checkbox","id":"use_description_full","label":"Use description excerpt full?","info":"it will be not cutted from the product content","default":false},{"type":"text","id":"prodcut_excerpt_length","label":"Excerpt length","info":"Number of words that will be displayed for each product content if you use 'Excerpt' mode and don't set custom excerpt for each product content.","default":"31"},{"type":"header","content":"== Style description excerpt Settings (not support description full)"},{"type":"select","id":"font_style_des","options":[{"value":"normal","label":"Normal"},{"value":"italic","label":"Italic"}],"label":"Font style","default":"normal"},{"type":"select","id":"font_weight_des","options":[{"value":"normal","label":"Normal"},{"value":"bold","label":"Bold"}],"label":"Font weight","default":"normal"},{"type":"select","id":"font_text_des","options":[{"value":"none","label":"None"},{"value":"line-through","label":"line-through"},{"value":"overline","label":"overline"},{"value":"underline","label":"underline"}],"label":"Text decoration","default":"none"},{"type":"checkbox","id":"show_sku","label":"Show Sku?","default":true},{"type":"checkbox","id":"show_category_product","label":"Show Category product?","default":true},{"type":"checkbox","id":"show_tag_product","label":"Show product's tags?","default":true},{"type":"header","content":"== Product Swatch"},{"type":"radio","id":"swatch_design","options":[{"value":"1","label":"variants with circle (Default)"},{"value":"2","label":"variant with rectangle"},{"value":"3","label":"variant simple"}],"label":"=== Swatch design setting"},{"type":"radio","id":"swatch_style","options":[{"value":"1","label":"Swatch color (Default or Upload)"},{"value":"2","label":"Swatch image variant"}],"label":"=== Swatch Layout setting for Design variants with circle"},{"type":"select","id":"swatch_size","options":[{"value":"small","label":"Small"},{"value":"medium","label":"Medium"},{"value":"large","label":"Large"}],"label":"Swatch size for Design variants with circle","default":"small"},{"type":"header","content":"== Countdown timer"},{"type":"checkbox","id":"show_countdown","label":"Show Countdown timer?","info":"== Show timer for products that have scheduled date for the sale price","default":true},{"type":"checkbox","id":"loop_show_countdown","default":false,"label":"Use Auto Loop countdown"},{"type":"select","id":"countdown_style","label":"Countdown style","default":"dark","options":[{"value":"light","label":"Countdown timer light"},{"value":"dark","label":"Countdown timer dark"},{"value":"transparent_1","label":"Countdown timer transparent 1"},{"value":"transparent_2","label":"Countdown timer transparent 2"}]},{"type":"header","content":"== Related Products"},{"type":"checkbox","id":"show_related_products","label":"Show related products?","default":true},{"type":"text","id":"title_pr_related","label":"Heading","default":"Related product"},{"type":"select","id":"related_products_use","label":"Related Products","default":"use_collection","options":[{"value":"use_collection","label":"By Collection"},{"value":"handle","label":"By Handle"},{"value":"tags","label":"By Tags"}]},{"type":"range","id":"many_related_products","label":"Number of Products to display","min":1,"max":20,"step":1,"default":4},{"type":"select","id":"related_products_hover","label":"__ Products hover","default":"alt","options":[{"value":"base","label":"Base"},{"value":"alt","label":"Alternative"},{"value":"button","label":"Show button on hover on image"},{"value":"info","label":"Full info on hover"},{"value":"link","label":"Button on hover"},{"value":"standard","label":"Standard button"},{"value":"excerpt","label":"With excerpt"},{"value":"quick","label":"Quick shop"}]},{"type":"text","id":"related_image_size","label":"Image Size (optional)","info":"Products may have different sizes 'width x height'","placeholder":"300x200"},{"type":"paragraph","content":"Products hover not support Image Second: Show button on hover on image, Full info on hover."},{"type":"checkbox","id":"related_sale_countdown","default":false,"label":"Use Sale countdown","info":"Countdown to the end sale date will be shown. Be sure you have set final date of the product sale price. product.metafields.meta.countdown ( 2017\/08\/17 )"},{"type":"checkbox","id":"loop_related_countdown","default":false,"label":"Use Auto Loop countdown"},{"type":"select","id":"related_countdown_style","label":"Countdown style","default":"dark","options":[{"value":"light","label":"Countdown timer light"},{"value":"dark","label":"Countdown timer dark"},{"value":"transparent_1","label":"Countdown timer transparent 1"},{"value":"transparent_2","label":"Countdown timer transparent 2"}]},{"type":"header","content":"___ Carousel Settings"},{"type":"text","id":"related_silder_speed","label":"Slider speed ( integer )","info":"Duration of animation between slides (in ms).","default":"5000"},{"type":"select","id":"related_silder_per_view","options":[{"value":"1","label":"1"},{"value":"2","label":"2"},{"value":"3","label":"3"},{"value":"4","label":"4"},{"value":"5","label":"5"},{"value":"6","label":"6"},{"value":"7","label":"7"},{"value":"8","label":"8"}],"label":"Slides per view","default":"4","info":"Set numbers of slides you want to display at the same time on slider's container for carousel mode."},{"type":"checkbox","id":"related_hide_pagination","default":false,"label":"Hide pagination control?","info":"pagination control will be removed"},{"type":"checkbox","id":"related_hide_button","default":false,"label":"Hide prev\/next buttons?","info":"prev\/next control will be removed"},{"type":"checkbox","id":"related_slider_loop","default":false,"label":"Slider loop?","info":"Enables loop mode."},{"type":"checkbox","id":"related_autoplay","label":"___ Slider autoplay","info":"Enables autoplay mode.","default":false},{"type":"header","content":"== Recently viewed products"},{"type":"checkbox","id":"show_recently_products","label":"Show recently viewed products?","default":false},{"type":"text","id":"title_pr_recently","label":"Heading","default":"Recently viewed products"},{"type":"range","id":"many_recently_products","label":"Number of Products to display","min":1,"max":20,"step":1,"default":4},{"type":"select","id":"recently_products_hover","label":"__ Products hover","default":"alt","options":[{"value":"base","label":"Base"},{"value":"alt","label":"Alternative"},{"value":"button","label":"Show button on hover on image"},{"value":"info","label":"Full info on hover"},{"value":"link","label":"Button on hover"},{"value":"standard","label":"Standard button"},{"value":"excerpt","label":"With excerpt"},{"value":"quick","label":"Quick shop"}]},{"type":"text","id":"recently_image_size","label":"Image Size (optional)","info":"Products may have different sizes 'width x height'","placeholder":"300x200"},{"type":"paragraph","content":"Products hover not support Image Second: Show button on hover on image, Full info on hover."},{"type":"checkbox","id":"recently_sale_countdown","default":false,"label":"Use Sale countdown","info":"Countdown to the end sale date will be shown. Be sure you have set final date of the product sale price. product.metafields.meta.countdown ( 2017\/08\/17 )"},{"type":"checkbox","id":"loop_recently_countdown","default":false,"label":"Use Auto Loop countdown"},{"type":"select","id":"recently_countdown_style","label":"Countdown style","default":"dark","options":[{"value":"light","label":"Countdown timer light"},{"value":"dark","label":"Countdown timer dark"},{"value":"transparent_1","label":"Countdown timer transparent 1"},{"value":"transparent_2","label":"Countdown timer transparent 2"}]},{"type":"header","content":"___ Carousel Settings"},{"type":"text","id":"recently_silder_speed","label":"Slider speed ( integer )","info":"Duration of animation between slides (in ms).","default":"5000"},{"type":"select","id":"recently_silder_per_view","options":[{"value":"1","label":"1"},{"value":"2","label":"2"},{"value":"3","label":"3"},{"value":"4","label":"4"},{"value":"5","label":"5"},{"value":"6","label":"6"},{"value":"7","label":"7"},{"value":"8","label":"8"}],"label":"Slides per view","default":"4","info":"Set numbers of slides you want to display at the same time on slider's container for carousel mode."},{"type":"checkbox","id":"recently_hide_pagination","default":false,"label":"Hide pagination control?","info":"pagination control will be removed"},{"type":"checkbox","id":"recently_hide_button","default":false,"label":"Hide prev\/next buttons?","info":"prev\/next control will be removed"},{"type":"checkbox","id":"recently_slider_loop","default":false,"label":"Slider loop?","info":"Enables loop mode."},{"type":"checkbox","id":"recently_autoplay","label":"___ Slider autoplay","info":"Enables autoplay mode.","default":false},{"type":"header","content":"== Metafield"},{"type":"paragraph","content":"Metafields allow you to attach metadata, which is additional information, to a store's resources."},{"type":"paragraph","content":"Metafields product countdown, Countdown to the end sale date will be shown. Be sure you have set final date of the product sale price. product.metafields.meta.countdown ( 2017\/08\/17 )"},{"type":"paragraph","content":"Metafields Use Auto Loop countdown. Product.metafields: meta.loop_countdown : true"},{"type":"paragraph","content":"=== Metafields Vimeo or YouTube video url. For example: https:\/\/www.youtube.com\/watch?v=1zPYW6Ipgok: meta.video"},{"type":"paragraph","content":"=== Metafields Product short description: meta.description_excerpt"},{"type":"paragraph","content":"=== Metafields Product size chart: meta.image_size_chart"},{"type":"paragraph","content":"=== Metafields External\/Affiliate Product: namespace: external"},{"type":"paragraph","content":"=== Metafields Insert tag that will be used to display images from instagram from your customers. For example: #nike_rush_run: meta.hashtag"},{"type":"paragraph","content":"=== Metafields Insert username that will be used to display images from instagram from your customers. For example: asos_oliver : meta.username"},{"type":"paragraph","content":"=== Metafields specify different background for particular products while editing it. Ex: name_img.jpg : meta.background_image"}]},{"name":"Custom CSS","settings":[{"type":"checkbox","id":"show_custom_css","label":"Enable Custom CSS","default":false},{"type":"textarea","id":"global_custom_css","label":"Global Custom CSS","placeholder":"Enter CSS code"},{"type":"textarea","id":"desktop_custom_css","label":"Custom CSS for desktop"},{"type":"textarea","id":"tablet_custom_css","label":"Custom CSS for tablet"},{"type":"textarea","id":"landscape_custom_css","label":"Custom CSS for mobile landscape"},{"type":"textarea","id":"mobile_custom_css","label":"Custom CSS for mobile"}]},{"name":"Custom JS","settings":[{"type":"textarea","id":"custom_js","label":"Custom JS","placeholder":"Enter js code"}]},{"name":"Cart Page","settings":[{"type":"checkbox","id":"cart_clear_enable","label":"Enable Button Clear shopping cart","default":true},{"type":"checkbox","id":"cart_notes_enable","label":"Enable cart notes","default":false}]},{"name":"Currency Converter","settings":[{"type":"paragraph","content":"To offer multiple currencies on your online store, you must first [edit your store's currency formatting](https:\/\/help.shopify.com\/manual\/using-themes\/troubleshooting\/help-script-find-money-formats)."},{"type":"checkbox","id":"show_multiple_currencies","label":"Show Currency Converter","default":false,"info":"Even though prices are displayed in different currencies, orders will still be processed in your store's currency."},{"type":"paragraph","content":"Use the country's ISO [currency code](http:\/\/www.xe.com\/iso4217.php)."},{"type":"textarea","id":"supported_currencies","label":"Currencies you wish to support","default":"EUR - EUR | USD - USD | GBP - GBP","info":"Example:  EUR - Euro | USD - US Dollar | GBP - British Pound"}]},{"name":"Language Preview","settings":[{"type":"checkbox","id":"show_language_currencies","label":"Show Language Preview","default":false},{"type":"text","id":"language_title","label":"Language Title","default":"English"},{"type":"link_list","id":"language_link_list","label":"Choose Language menu"}]},{"name":"Promo popup","settings":[{"type":"checkbox","id":"enable_popup","label":"Enable promo popup","info":"Show promo popup to users when they enter the site.  if customer close the popup, next show will be after 7 days.","default":true},{"type":"checkbox","id":"promo_popup_hide_mobile","label":"Hide for mobile devices","default":true},{"type":"header","content":"Select page to display"},{"type":"checkbox","id":"display_newsletter_index","label":"Home page","default":true,"info":"Popup Newsletter will display on home page"},{"type":"checkbox","id":"display_newsletter_product","label":"Product single","default":false,"info":"Popup Newsletter will display on Product single"},{"type":"checkbox","id":"display_newsletter_collection","label":"Collection page","default":false,"info":"Popup Newsletter will display on Collection page"},{"type":"checkbox","id":"display_newsletter_article","label":"Article page","default":false,"info":"Popup Newsletter will display on Article page"},{"type":"checkbox","id":"display_newsletter_blog","label":"Blog page","default":false,"info":"Popup Newsletter will display on Blog page"},{"type":"checkbox","id":"display_newsletter_cart","label":"Cart page","default":false,"info":"Popup Newsletter will display on Cart page"},{"type":"checkbox","id":"display_newsletter_page","label":"Other page","default":false,"info":"Popup Newsletter will display on Other page"},{"type":"paragraph","content":"Use Default Shopify: Any customers who sign up will have an account created for them in Shopify. [View customers](\/admin\/customers?query=&accepts_marketing=1)"},{"type":"checkbox","id":"use_newsletter_mailchimp","label":"Use Mailchimp?","info":"\"MailChimp form action URL\" You can find in tab \"General\"","default":true},{"type":"image_picker","id":"newsletter_bg","label":"Banner Image"},{"type":"html","id":"popup_newsletter_description","label":"Promo popup text","info":"Place here some promo text or use HTM"},{"type":"header","content":"Show popup after Settings"},{"type":"radio","id":"show_popup_after","label":"Show popup after","default":"scroll","options":[{"value":"time","label":"some time"},{"value":"scroll","label":"user scroll"}]},{"type":"text","id":"time_popup_delay","label":"__ Popup delay","info":"Show popup after some time (in milliseconds). Integer","default":"2000"},{"type":"text","id":"scroll_popup_delay","label":"__ Show after user scroll down the page","info":"Set the number of pixels users have to scroll down before popup opens (100 -5000). Integer","default":"800"},{"type":"range","id":"number_pages","min":0,"max":10,"step":1,"label":"Show after number of pages visited","info":"You can choose how much pages user should change before popup will be shown.","default":0}]},{"name":"Cookie Law Info","settings":[{"type":"checkbox","id":"enable_cookies_popup","label":"Show cookies info","info":"Under EU privacy regulations, websites must make it clear to visitors what information about them is being stored. This specifically includes cookies. Turn on this option and user will see info box at the bottom of the page that your web-site is using cookies. . If set \"Accept\" next show will be after 60 days.","default":false},{"type":"html","id":"text_cookies_popup","label":"Popup text","info":"Place here some information about cookies usage that will be shown in the popup.","default":"We use cookies to improve your experience on our website. By browsing this website, you agree to our use of cookies."},{"type":"url","id":"link_btn_infor","label":"Page with details","info":"Choose page that will contain detailed information about your Privacy Policy"},{"type":"header","content":"Select page to display"},{"type":"checkbox","id":"display_popup_cookies_index","label":"Home page","default":true,"info":"Popup Cookies will display on home page"},{"type":"checkbox","id":"display_popup_cookies_product","label":"Product single","default":false,"info":"Popup Cookies will display on Product single"},{"type":"checkbox","id":"display_popup_cookies_collection","label":"Collection page","default":false,"info":"Popup Cookies will display on Collection page"},{"type":"checkbox","id":"display_popup_cookies_article","label":"Article page","default":false,"info":"Popup Cookies will display on Article page"},{"type":"checkbox","id":"display_popup_cookies_blog","label":"Blog page","default":false,"info":"Popup Cookies will display on Blog page"},{"type":"checkbox","id":"display_popup_cookies_cart","label":"Cart page","default":false,"info":"Popup Cookies will display on Cart page"},{"type":"checkbox","id":"display_popup_cookies_page","label":"Other page","default":false,"info":"Popup Cookies will display on Other page"}]},{"name":"Suggest Products","settings":[{"type":"checkbox","id":"enable_suggest_products","label":"Show suggest products","default":false},{"type":"collection","label":"Select collection to display","id":"collection_suggest"},{"type":"header","content":"Select page to display"},{"type":"checkbox","id":"display_index","label":"Home page","default":true,"info":"Suggest products will display on home page"},{"type":"checkbox","id":"display_product","label":"Product single","default":true,"info":"Suggest products will display on Product single"},{"type":"checkbox","id":"display_collection","label":"Collection page","default":false,"info":"Suggest products will display on Collection page"},{"type":"checkbox","id":"display_article","label":"Article page","default":false,"info":"Suggest products will display on Article page"},{"type":"checkbox","id":"display_blog","label":"Blog page","default":false,"info":"Suggest products will display on Blog page"},{"type":"checkbox","id":"display_cart","label":"Cart page","default":false,"info":"Suggest products will display on Cart page"},{"type":"checkbox","id":"display_page","label":"Other page","default":false,"info":"Suggest products will display on Other page"},{"type":"header","content":"General settings"},{"type":"text","id":"interval_time","default":"7000","label":"Interval time ( Integer )"},{"type":"checkbox","id":"use_suggest","label":"Use fake time in suggest","default":true},{"type":"checkbox","id":"use_fake_location","label":"Use fake location in suggest","info":"Melbourne, Australia | Washington | Nevada","default":true},{"type":"textarea","id":"fake_location","default":"Melbourne, Australia | Washington | Nevada","label":"List location","placeholder":"location1 | location2 | ..."},{"type":"checkbox","id":"show_close_suggest","label":"Show close button","default":false}]},{"name":"My Account","settings":[{"type":"checkbox","id":"login_register_enable","label":"Login and register","info":"Disable for login and register in one page","default":false},{"type":"checkbox","id":"login_tabs_enable","label":"Login page tabs","info":"Enable tabs for login and register forms","default":true},{"type":"checkbox","id":"account_header_enable","label":"My Account link in header","info":"Show links to login\/register or my accout page in the header","default":true},{"type":"html","id":"registration_text","label":"Registration text","info":"Show some information about registration on your web-site","default":"Registering for this site allows you to access your order status and history. Just fill in the fields below, and we’ll get a new account set up for you in no time. We will only ask you for information necessary to make the purchase process faster and easier."}]},{"name":"Blog pages","settings":[{"type":"radio","id":"blog_layout","options":[{"value":"1","label":"full Width"},{"value":"left","label":"Sidebar Left"},{"value":"right","label":"Sidebar Right"}],"label":"== Blog Layout","info":"Select main content and sidebar alignment for blog pages."},{"type":"radio","id":"blog_size_sidebar","default":"2","options":[{"value":"1","label":"Small"},{"value":"2","label":"Medium"},{"value":"3","label":"Large"}],"label":"== Blog Sidebar size","info":"You can set different sizes for your blog pages sidebar. Add content to this section using the sidebar."},{"type":"select","id":"blog_design","label":"== Blog Design","info":"You can use different design for your blog styled for the theme.","default":"1","options":[{"value":"1","label":"Default"},{"value":"2","label":"Alternative"},{"value":"3","label":"Small images"},{"value":"4","label":"Masonry grid"},{"value":"5","label":"Mask on image"}]},{"type":"text","id":"articles_per_grid_page","label":"Number of articles per page ( integer )","default":"5"},{"type":"radio","id":"blog_columns","default":"2","options":[{"value":"1","label":"1"},{"value":"2","label":"2"},{"value":"3","label":"3"},{"value":"4","label":"4"},{"value":"6","label":"6"}],"label":"== Blog items columns"},{"type":"text","id":"posts_excerpt_length","label":"Excerpt length","info":"Number of words that will be displayed for each post if you use 'Excerpt' mode and don't set custom excerpt for each post","default":"35"},{"type":"select","id":"enable_button","label":"___ Read more button","info":"not supported style Mask on image","default":"show","options":[{"value":"show","label":"Show"},{"value":"hide","label":"Hide"}]},{"type":"select","id":"enable_post_categories","label":"___ Post categories","default":"show","options":[{"value":"show","label":"Show"},{"value":"hide","label":"Hide"}]},{"type":"select","id":"enable_post_date","label":"___ Post date","default":"show","options":[{"value":"show","label":"Show"},{"value":"hide","label":"Hide"}]},{"type":"checkbox","id":"post_share_buttons","label":"Share buttons","info":"Display share icons on single post page","default":true},{"type":"checkbox","id":"post_navigation","label":"Posts navigation","info":"Next and previous posts links on single post page","default":true}]},{"name":"Portfolio pages","settings":[{"type":"header","content":"== Handle: "},{"type":"blog","id":"blog_portfolio","label":"Blog for Portfolio"},{"type":"paragraph","content":"portfolio"},{"type":"select","id":"portfolio_styles","label":"== Portfolio Style","info":"You can use different styles for your projects.","default":"hover","options":[{"value":"hover","label":"Show text on mouse over"},{"value":"hover-inverse","label":"Hide text on mouse over"},{"value":"bordered","label":"Bordered style"},{"value":"bordered-inverse","label":"Bordered inverse"},{"value":"text-shown","label":"Text under image"},{"value":"with-bg","label":"Text with background"},{"value":"with-bg-alt","label":"Text with background alternative"}]},{"type":"checkbox","id":"portfolio_full_width","label":"Full Width portfolio?","info":"Makes container 100% width of the page","default":false},{"type":"radio","id":"projects_columns","default":"2","options":[{"value":"2","label":"2"},{"value":"3","label":"3"},{"value":"4","label":"4"},{"value":"6","label":"6"}],"info":"How many projects you want to show per row","label":"== Projects columns"},{"type":"radio","id":"projects_spacing","default":"2","options":[{"value":"0","label":"0"},{"value":"2","label":"2"},{"value":"6","label":"6"},{"value":"10","label":"10"},{"value":"20","label":"20"},{"value":"30","label":"30"}],"info":"You can set different spacing between blocks on portfolio page","label":"== Space between projects"},{"type":"text","label":"Items per page","id":"projects_per_page","default":"12"},{"type":"header","content":"== Filter Portfolio"},{"type":"checkbox","id":"portfolio_filters","label":"Show categories filters?","default":true},{"type":"textarea","id":"portfolio_tags_filter","label":"Filter Portfolio by tag"},{"type":"header","content":"== Related Portfolio"},{"type":"checkbox","id":"show_related_portfolio","label":"Show Related Portfolio","default":true},{"type":"text","id":"title_related_portfolio","label":"Title","default":"Related Portfolio"},{"type":"text","id":"how_many_related_portfolio","default":"9","label":"how many Related Portfolio do you want to show? ( integer )"}]},{"name":"FaQs Page","settings":[{"type":"textarea","id":"sort_faq","label":"Sort element in FAQ "},{"type":"paragraph","content":"ex: faq>question>tab>counter>page_content"}]},{"name":"About Me Page","settings":[{"type":"image_picker","id":"image_about_me","label":"Image","info":"1000x1000 (Width x Height)."},{"type":"text","id":"title_about_me","default":"Consectetur lobortis maecenas risus mi lacus [cond consequat.]","info":"Consectetur lobortis maecenas risus mi lacus [cond consequat.]","label":"Title"},{"type":"textarea","id":"sub_tetx_about_me","default":"Suspendisse leo sodales varius leo elementum vestibulum a elit at ultrices a mi a praesent enim libero ultrices a amet suscipit. A tempus iaculis habitasse suspendisse aenean parturient blandit a rutrum leo elementum purus a a et id non feugiat donec.","label":"Sub text"},{"type":"image_picker","id":"signature_about_me","label":"Signature Image","info":"141x29 (Width x Height)."},{"type":"checkbox","id":"show_share_btn_about_me","label":"Show share buttons?","default":true},{"type":"radio","id":"share_type_about_me","default":"2","options":[{"value":"1","label":"Share"},{"value":"2","label":"Follow"}],"label":"== Share buttons type"},{"type":"header","content":"== Design Options"},{"type":"text","id":"about_me_margin_top","label":"Margin top","default":"-37px","info":"60px"},{"type":"text","id":"about_me_margin_bottom","label":"Margin bottom","default":"-40px","info":"60px"},{"type":"text","id":"about_me_padding","label":"Paddings Integer px ( top-right-bottom-left )","info":"60px-60px-0-60px"}]},{"name":"Our Shop Page","settings":[{"type":"image_picker","id":"image_our_shop","label":"Background Image","info":"1900x1000 (Width x Height)."},{"type":"text","id":"title_our_shop","default":"shop localization [in - Paris]","info":"shop localization [in - Paris]","label":"Title"},{"type":"textarea","id":"info_shop_1","default":"6 Rue des Rochebrune \/ 75011 Paris TEL.<br> +3 60 340 34 43 \/ FAX. 3 60 340 34 43","label":"Shop info 1"},{"type":"textarea","id":"info_shop_2","default":"6 Rue des Rochebrune \/ 75011 Paris TEL.<br> +3 60 340 34 43 \/ FAX. 3 60 340 34 43","label":"Shop info 2"},{"type":"textarea","id":"info_shop_3","default":"6 Rue des Rochebrune \/ 75011 Paris TEL.<br> +3 60 340 34 43 \/ FAX. 3 60 340 34 43","label":"Shop info 3"},{"type":"textarea","id":"info_shop_4","default":"6 Rue des Rochebrune \/ 75011 Paris TEL.<br> +3 60 340 34 43 \/ FAX. 3 60 340 34 43","label":"Shop info 4"},{"type":"text","id":"info_shop_btn_title","default":"Contact Us","label":"Button Title"},{"type":"url","id":"info_shop_btn_url","label":"Button Link"},{"type":"checkbox","id":"show_share_btn_our_shop","label":"Show share buttons?","default":true},{"type":"radio","id":"share_type_our_shop","default":"2","options":[{"value":"1","label":"Share"},{"value":"2","label":"Follow"}],"label":"== Share buttons type"},{"type":"header","content":"== Design Options"},{"type":"color","id":"our_shop_bg_color","label":"Background color","default":"#f9f9f9"},{"type":"text","id":"our_shop_margin_top","label":"Margin top","default":"-37px","info":"60px"},{"type":"text","id":"our_shop_margin_bottom","label":"Margin bottom","default":"-40px","info":"60px"},{"type":"text","id":"our_shop_padding","label":"Paddings Integer px ( top-right-bottom-left )","info":"60px-60px-0-60px"}]},{"name":"Contact Us Page","settings":[{"type":"header","content":"== Google Map"},{"id":"title_map_contact_us","type":"text","label":"Heading","default":"VISIT OUR NEW STORE<br>IN NEW YORK"},{"id":"icon_contact_us","type":"text","label":"Icon","default":"map-marker","info":"ex:map-marker [fontawesome icons](http:\/\/fontawesome.io\/icons\/)"},{"id":"text_map_html_contact_us","type":"textarea","label":"Text","default":"20 Margaret St, London<br>Great Britain, 3NM98-LK"},{"type":"text","id":"contact_us_btn_title","default":"Contact Us","label":"Button Title"},{"type":"url","id":"contact_us_btn_url","label":"Button Link"},{"type":"text","id":"lat_contact_us","label":"Latitude (required)","default":"40.71385"},{"type":"text","id":"lon_contact_us","label":"Longitude (required)","default":"-74.00642"},{"type":"paragraph","content":"You can use [this service](https:\/\/mycurrentlocation.net) to get coordinates of your location."},{"type":"text","id":"height_contact_us","label":"Height (Integer)","default":"600","info":"Default: 400"},{"type":"html","id":"style_json_contact_us","label":"Styles (JSON)"},{"type":"paragraph","content":"Styled maps allow you to customize the presentation of the standard Google base maps, changing the visual display of such elements as roads, parks, and built-up areas.You can find more Google Maps styles on the website: [Snazzy Maps](https:\/\/snazzymaps.com\/explore) Just copy JSON code and paste it here"},{"type":"header","content":"== Contact Form"},{"type":"checkbox","id":"show_form_contact_us","label":"Show Contact Form?","default":true},{"type":"text","id":"heading_form_contact_us","label":"Heading","default":"GET IN TOUCH WITH US"},{"type":"header","content":"== Infomation Contact"},{"type":"checkbox","id":"show_info_contact_us","label":"Show Infomation About us?","default":true},{"type":"text","id":"heading_info_contact_us","label":"Heading","default":"INFORMATION ABOUT US"},{"type":"textarea","id":"text_info_contact_us","label":"Text","default":"<p>Consectetur aliquet a erat per sem nisi leo placerat dui a adipiscing a sagittis vestibulum. Sagittis posuere id nam quis vestibulum faucibus a est tristique ridiculus sed.<\/p><p>Sagittis posuere id nam quis vestibulum vestibulum a facilisi at elit hendrerit scelerisque sodales nam dis orci non aliquet enim.<\/p>"},{"type":"text","id":"heading_cont_contact_us","label":"Heading 2","default":"CONTACT US"},{"type":"paragraph","content":"[icon_name]text_content Ex: [clock]Support forum for over 24h"},{"id":"html_one_contact_us","type":"html","label":"Text One","info":"[Simple line icons](http:\/\/simplelineicons.com)","default":"[envelope]Tel: 877-45-44-33<br>E-Mail: shop@store.uk"},{"id":"html_two_contact_us","type":"html","label":"Text Two","info":"[Simple line icons](http:\/\/simplelineicons.com)","default":"[clock]Support forum<br>for over 24h"},{"id":"html_three_contact_us","type":"html","label":"Text Three","info":"[Simple line icons](http:\/\/simplelineicons.com)","default":"[cursor]20 Margaret St, London<br>Great Britain, 3NM98-LK"},{"id":"html_four_contact_us","type":"html","label":"Text Four","info":"[Simple line icons](http:\/\/simplelineicons.com)","default":"[rocket ]Free standard shipping<br>on all orders."},{"type":"checkbox","id":"show_share_btn_contact_us","label":"Show share buttons?","default":true},{"type":"radio","id":"share_type_contact_us","default":"2","options":[{"value":"1","label":"Share"},{"value":"2","label":"Follow"}],"label":"== Share buttons type"}]},{"name":"Contact Us 2 Page (svg)","settings":[{"type":"header","content":"== Google Map"},{"type":"checkbox","id":"show_map_contact_us_2","label":"Show Google Map","default":true},{"type":"text","id":"lat_contact_us_2","label":"Latitude (required)","default":"59.91387"},{"type":"text","id":"lon_contact_us_2","label":"Longitude (required)","default":"10.75225"},{"type":"paragraph","content":"You can use [this service](https:\/\/mycurrentlocation.net) to get coordinates of your location."},{"type":"text","id":"height_contact_us_2","label":"Height (Integer)","default":"750","info":"Default: 400"},{"type":"html","id":"style_json_contact_us_2","label":"Styles (JSON)"},{"type":"paragraph","content":"Styled maps allow you to customize the presentation of the standard Google base maps, changing the visual display of such elements as roads, parks, and built-up areas.You can find more Google Maps styles on the website: [Snazzy Maps](https:\/\/snazzymaps.com\/explore) Just copy JSON code and paste it here"},{"type":"header","content":"== Infomation Contact"},{"type":"checkbox","id":"show_info_contact_us_2","label":"Show Infomation Contact us?","default":true},{"type":"image_picker","id":"bg_image_contact_us_2","label":"Background Image","info":"900x470 (Width x Height)."},{"type":"color","id":"bg_color_contact_us_2","label":"Background color","default":"#021019"},{"type":"text","id":"heading_info_contact_us_2","label":"Heading","default":"CONTACT US"},{"type":"paragraph","content":"[icon_name]text_content Ex: [clock]Support forum for over 24h"},{"type":"textarea","id":"svg_one_contact_us_2","label":"svg icon 1","info":"[copy code svg](https:\/\/codepen.io\/sarus\/pen\/NgJaXz?editors=1000)"},{"id":"html_one_contact_us_2","type":"html","label":"Text One","info":"[Simple line icons](http:\/\/simplelineicons.com)","default":"[envelope]Tel: 877-45-44-33<br>E-Mail: shop@store.uk"},{"type":"textarea","id":"svg_two_contact_us_2","label":"svg icon 2","info":"[copy code svg](https:\/\/codepen.io\/sarus\/pen\/yXwzqw?editors=1000)"},{"id":"html_two_contact_us_2","type":"html","label":"Text Two","info":"[Simple line icons](http:\/\/simplelineicons.com)","default":"[clock]Support forum<br>for over 24h"},{"type":"textarea","id":"svg_three_contact_us_2","label":"svg icon 3","info":"[copy code svg](https:\/\/codepen.io\/sarus\/pen\/eRXGLq?editors=1000)"},{"id":"html_three_contact_us_2","type":"html","label":"Text Three","info":"[Simple line icons](http:\/\/simplelineicons.com)","default":"[cursor]20 Margaret St, London<br>Great Britain, 3NM98-LK"},{"type":"textarea","id":"svg_four_contact_us_2","label":"svg icon 4","info":"[copy code svg](https:\/\/codepen.io\/sarus\/pen\/XgGexW?editors=1000)"},{"id":"html_four_contact_us_2","type":"html","label":"Text Four","info":"[Simple line icons](http:\/\/simplelineicons.com)","default":"[rocket ]Free standard shipping<br>on all orders."},{"type":"paragraph","content":"[icon_name]text_content Ex: [clock]Support forum for over 24h"},{"type":"checkbox","id":"show_share_btn_contact_us_2","label":"Show share buttons?","default":true},{"type":"radio","id":"share_type_contact_us_2","default":"2","options":[{"value":"1","label":"Share"},{"value":"2","label":"Follow"}],"label":"== Share buttons type"}]},{"name":"Password Page","settings":[{"type":"select","id":"banner_text_color_pass","options":[{"value":"light","label":"Light"},{"value":"dark","label":"Dark"}],"label":"Color Scheme","default":"dark"},{"type":"radio","id":"layout_pass","default":"2","options":[{"value":"1","label":"Design 1 (Slider Revolution)"},{"value":"2","label":"Design 2"}],"label":"Design"},{"type":"header","content":"== Design 1"},{"type":"textarea","id":"tea_revolution_sc_pass","label":"Tea Revolution Shortcode","info":"Example: [shopify-slider-1046]"},{"type":"paragraph","content":"You can easily add the slider to this theme by installing our free [Nitro Powerfull Slider Partner](https:\/\/partner.teathemes.net\/signup) app."},{"type":"header","content":"== Design 2"},{"type":"image_picker","id":"logo_pass","label":"Logo image"},{"type":"text","id":"logo_max_width_pass","label":"Custom logo width (in pixels)","default":"100"},{"type":"text","id":"header_pass","label":"Heading","default":"MAINTENANCE"},{"type":"text","id":"sub_header_pass","label":"Heading 2","default":"NEW WEB-SITE COMING SOON..."},{"type":"text","id":"sub_text_pass","label":"Sub text","default":"Condimentum ipsum a adipiscing hac consectetur urna commodo elit parturient a molestie ut nisl parturient convallier ullamcorper phasellus mus cubilia eget."},{"type":"checkbox","id":"show_countdown_pass","label":"Show Countdown timer?","default":true},{"type":"text","id":"sub_countdown_pass","label":"Heading","default":"New store we be launched in:"},{"type":"text","id":"date_pass","label":"Date","default":"2017\/12\/30","info":"Final date in the format Y\/m\/d. For example 2017\/12\/12"},{"type":"checkbox","id":"social_newsletter_pass","label":"Show newsletter?","default":true},{"type":"checkbox","id":"use_mailchimp_pass","label":"Use Mailchimp?","default":true},{"type":"checkbox","id":"show_use_pass","label":"Show using password?","default":true},{"type":"checkbox","id":"social_enabled_pass","label":"Show social?","default":true},{"type":"radio","id":"share_type_pass","default":"2","options":[{"value":"1","label":"Share"},{"value":"2","label":"Follow"}],"label":"Share buttons type"},{"type":"header","content":"== Design Options"},{"type":"image_picker","id":"section_bg_image_pass","label":"Background Image"}]},{"name":"Basel Stock countdown","settings":[{"type":"checkbox","id":"calue_stock_countdown","label":"Show Stock countdown","default":false},{"type":"range","id":"total_items","label":"Total items","min":10,"max":100,"step":10,"default":50},{"type":"header","content":"Random"},{"type":"range","id":"stock_from","label":"from","min":1,"max":19,"step":1,"default":12},{"type":"range","id":"stock_to","label":"to","min":20,"max":70,"step":1,"default":20},{"type":"header","content":"Translate labels"},{"type":"textarea","id":"stock_message","label":"Message (You can leave it blank)","info":"Hurry! Only {{stock_number}} left in stock.","default":"Hurry! Only {{stock_number}} left in stock."},{"type":"text","id":"days","label":"Days","default":"Days"},{"type":"text","id":"hours","label":"Hours","default":"Hours"},{"type":"text","id":"minutes","label":"Minutes","default":"Minutes"},{"type":"text","id":"seconds","label":"Seconds","default":"Seconds"},{"type":"header","content":"Translate labels"},{"type":"color","id":"stock_bg_process","label":"Process color","default":"#56cfe1"},{"type":"color","id":"stock_bg","label":"Background color","default":"#bddfe4"}]},{"name":"Social media","settings":[{"type":"header","content":"Social sharing options"},{"type":"checkbox","id":"share_facebook","label":"Share on Facebook","default":true},{"type":"checkbox","id":"share_twitter","label":"Tweet on Twitter","default":true},{"type":"checkbox","id":"share_google","label":"Share on Google Plus","default":true},{"type":"checkbox","id":"share_pinterest","label":"Pin on Pinterest","default":true},{"type":"checkbox","id":"share_tumblr","label":"Pin on Tumblr","default":false},{"type":"checkbox","id":"share_email","label":"Share on Email","default":true},{"type":"header","content":"Social accounts"},{"type":"text","id":"social_twitter_link","label":"Twitter","info":"https:\/\/twitter.com\/shopify"},{"type":"text","id":"social_facebook_link","label":"Facebook","info":"https:\/\/facebook.com\/shopify"},{"type":"text","id":"social_pinterest_link","label":"Pinterest","info":"https:\/\/pinterest.com\/shopify"},{"type":"text","id":"social_google_plus_link","label":"Google+","info":"https:\/\/plus.google.com\/+shopify"},{"type":"text","id":"social_instagram_link","label":"Instagram","info":"https:\/\/instagram.com\/shopify"},{"type":"text","id":"social_tumblr_link","label":"Tumblr","info":"https:\/\/www.tumblr.com"},{"type":"text","id":"social_youtube_link","label":"YouTube","info":"https:\/\/www.youtube.com\/shopify"},{"type":"text","id":"social_vimeo_link","label":"Vimeo","info":"https:\/\/vimeo.com\/shopify"},{"type":"text","id":"social_snapchat_link","label":"Snapchat","info":"https:\/\/www.snapchat.com\/add\/shopify"}]}]